-- data.sql
INSERT INTO Movies (movie_id, title, language, release_date) VALUES
(1, 'Mannar Vagaiyara', 'Tamil', '2024-07-05'),
(2, 'City Lights', 'English', '2025-02-14'),
(3, 'Kovil Kural', 'Tamil', '2024-12-20'),
(4, 'Global Rush', 'English', '2025-06-10');
INSERT INTO Theatres (theatre_id, theatre_name, location) VALUES
(1, 'Rohini Cinemas', 'Chennai'),
(2, 'Vetri Mahal', 'Coimbatore'),
(3, 'Udhayam Theatre', 'Madurai'),
(4, 'GK Cinemas', 'Chennai');
INSERT INTO Shows (show_id, movie_id, theatre_id, show_time, show_date, ticket_price, total_seats) VALUES
(1, 1, 1, '10:30', '2025-11-14', 120.0, 200),
(2, 1, 1, '17:00', '2025-11-14', 150.0, 200),
(3, 2, 1, '20:30', '2025-11-14', 250.0, 150),
(4, 3, 2, '18:00', '2025-11-15', 130.0, 180),
(5, 1, 3, '19:00', '2025-11-15', 140.0, 150),
(6, 4, 4, '21:00', '2025-11-16', 300.0, 120),
(7, 2, 2, '15:00', '2025-11-16', 220.0, 180),
(8, 3, 1, '13:00', '2025-11-16', 120.0, 200),
(9, 1, 4, '19:30', '2025-11-16', 160.0, 160),
(10,4, 1, '12:00', '2025-11-17', 280.0, 200);
INSERT INTO Bookings (booking_id, show_id, seats_booked, booking_time) VALUES
(1, 1, 30, '2025-11-13 09:10:00'),
(2, 1, 20, '2025-11-13 10:00:00'),
(3, 2, 120, '2025-11-14 12:00:00'),
(4, 2, 20, '2025-11-14 16:00:00'),
(5, 3, 140, '2025-11-14 18:05:00'),
(6, 4, 60, '2025-11-14 20:00:00'),
(7, 5, 90, '2025-11-15 10:00:00'),
(8, 6, 110, '2025-11-16 14:00:00'),
(9, 7, 40, '2025-11-16 09:00:00'),
(10, 8, 60, '2025-11-15 11:00:00'),
(11, 9, 150, '2025-11-16 17:00:00'),
(12, 10, 50, '2025-11-16 08:00:00');
